{"cameraMode":{"drawMode":0,"name":"Shaded","section":"Shading Mode"},"sceneLighting":true,"audioPlay":false,"sceneViewState":{"showFog":true,"showMaterialUpdate":false,"showSkybox":true,"showFlares":true,"showImageEffects":true,"showParticleSystems":true,"showVisualEffectGraphs":true,"m_FxEnabled":true},"in2DMode":false,"pivot":{"x":916.0675659179688,"y":15.291712760925293,"z":920.9461669921875},"rotation":{"x":-0.12000489234924317,"y":0.01548387948423624,"z":-0.0018719480140134693,"w":-0.9926508069038391},"size":1.026825189590454,"orthographic":false}